operator,post_id,comment_id,text,date,like_count
orange,photo.php?fbid=775068831325189&set=pb.100064662374992.-2207520000&type=3,1087193458996396,"سلام عليكم
واش كاين ضوبل",2024-02-24 16:21:02,0
orange,photo.php?fbid=775068831325189&set=pb.100064662374992.-2207520000&type=3,941713684228581,"دابا نهار 27 واش ندخلوها بنهار ولا حت ل 12 دالليل عاد غاطلقوها
Orange",2024-02-25 10:25:44,0
orange,photo.php?fbid=775068831325189&set=pb.100064662374992.-2207520000&type=3,934396341575391,قادة غير ريزو,2024-02-25 10:36:58,0
orange,photo.php?fbid=775068831325189&set=pb.100064662374992.-2207520000&type=3,3326396250994368,بغيت غير نعرف علاش قطعتو عليا نجمة6 علما دايرها نهار 12فبراير بقي مكملش الشهر عطوني رقم وكالة ولا شحاجة خلوني نهضر معاكم,2024-02-25 10:38:31,0
orange,photo.php?fbid=775068831325189&set=pb.100064662374992.-2207520000&type=3,941628797527355,صايبو داك الريزو راه تغطية منعدمة,2024-02-25 11:00:38,0
orange,photo.php?fbid=775068831325189&set=pb.100064662374992.-2207520000&type=3,1584505529017932,عملت تعبئة 30 درهم  *3 داوهالي فليلة الشفرة لا حول ولا قوة إلا بالله العلي العظيم,2024-02-25 11:23:57,1
orange,photo.php?fbid=775068831325189&set=pb.100064662374992.-2207520000&type=3,1581476969293002,"salam
3andi Adsl ma9tou3 20 youm hadi 
dima kan3ayat wakha wakha natija walo
7adgin ghir f l ich-har",2024-02-25 11:41:37,0
orange,photo.php?fbid=775068831325189&set=pb.100064662374992.-2207520000&type=3,410553541449250,الخوت علاش مقطوعة عندي عرض نجمة 🌟 6 رغم ان الأجل ديالها باقي عندي تار 22 في شهر جاي شي واحد وقع ليه نفس البلان,2024-02-25 12:05:50,0
orange,photo.php?fbid=775068831325189&set=pb.100064662374992.-2207520000&type=3,388946173869486,كين لعرد *6,2024-02-25 12:17:02,0
orange,photo.php?fbid=775068831325189&set=pb.100064662374992.-2207520000&type=3,3644461319202477,دابا أنا مركب روشارج نجمة 6 واش بلي طلقوها غادي تبقا ألا نركب وحدة خرا,2024-02-25 12:28:18,0
orange,photo.php?fbid=775068831325189&set=pb.100064662374992.-2207520000&type=3,2685782228245997,على شحال كتقطعو الويفي ؟ دخلناه 29 شهر لي فات و قاطعينو 3 أيام دابا واش هدشي خدمة و لا تخربيق ؟ و حتا باش تهضرومعانا دايرين روبو بحالا هو لي غيفهم شنو عندي,2024-02-25 12:37:15,0
orange,photo.php?fbid=775068831325189&set=pb.100064662374992.-2207520000&type=3,230849306783707,Baz 3la had chafra l fikom awili kadir 10dh katir f sa3,2024-02-25 12:38:27,0
orange,photo.php?fbid=775068831325189&set=pb.100064662374992.-2207520000&type=3,419258710606139,5دراهم شحال فيها من دقيقة,2024-02-25 12:40:48,0
orange,photo.php?fbid=775068831325189&set=pb.100064662374992.-2207520000&type=3,935392981266952,امتا غترجع *6,2024-02-25 13:01:24,0
orange,photo.php?fbid=775068831325189&set=pb.100064662374992.-2207520000&type=3,341330472233149,*6,2024-02-25 13:04:14,0
orange,photo.php?fbid=775068831325189&set=pb.100064662374992.-2207520000&type=3,1527450268106232,التغطية والو,2024-02-25 13:07:11,1
orange,photo.php?fbid=775068831325189&set=pb.100064662374992.-2207520000&type=3,3198210143807188,كيفاش نحيد بواط فوكال.,2024-02-25 13:15:43,0
orange,photo.php?fbid=775068831325189&set=pb.100064662374992.-2207520000&type=3,361950916717637,10dh *5 chhal fiha,2024-02-25 13:18:58,0
orange,photo.php?fbid=775068831325189&set=pb.100064662374992.-2207520000&type=3,313833661678120,دخلت 30 درهم عطاوني 2 جيݣا ؟؟,2024-02-25 13:20:10,0
orange,photo.php?fbid=775068831325189&set=pb.100064662374992.-2207520000&type=3,2069706363422423,ريزو بالمنطقة ديالنا ميتة ديال بصح,2024-02-25 13:37:07,0
orange,photo.php?fbid=775068831325189&set=pb.100064662374992.-2207520000&type=3,286400947598700,brina najma 6 lahihfadkom himta radi traj3o3a,2024-02-25 14:07:36,0
orange,photo.php?fbid=775068831325189&set=pb.100064662374992.-2207520000&type=3,1184588029186164,إمتي غدي ترجع العرض *6,2024-02-25 14:16:13,8
orange,photo.php?fbid=775068831325189&set=pb.100064662374992.-2207520000&type=3,1055467215513963,تعبئة 5 دراهم نجمة 5 شحال كتبقى ؟,2024-02-25 14:20:53,0
orange,photo.php?fbid=775068831325189&set=pb.100064662374992.-2207520000&type=3,919569339861571,مرجبا ولكن النغطيه وااو 0,2024-02-25 14:48:03,0
orange,photo.php?fbid=775068831325189&set=pb.100064662374992.-2207520000&type=3,1391511284831103,Faible,2024-02-25 14:48:09,0
orange,photo.php?fbid=775068831325189&set=pb.100064662374992.-2207520000&type=3,773149964876443,كفاش قالب هاد أرونج شارجيت العرب نهار15 من هاد شهر وداوه اليوم مكمل تا 10 ايام ولاو غا كيخورو فبنادم.,2024-02-25 15:32:22,0
orange,photo.php?fbid=775068831325189&set=pb.100064662374992.-2207520000&type=3,1133205494277931,"لَحى اللَهُ الفِراقَ وَلا رَعاهُ
فَكَم قَد شَكَّ قَلبي بِالنِبالِ",2024-02-25 16:22:03,1
orange,photo.php?fbid=775068831325189&set=pb.100064662374992.-2207520000&type=3,917177173748134,وخا ريزو ميت غنديرها ولاهد قطعة انافيها,2024-02-25 16:25:21,0
orange,photo.php?fbid=775068831325189&set=pb.100064662374992.-2207520000&type=3,1826131787826707,ريزو ضعيف بزاف,2024-02-25 16:28:49,0
orange,photo.php?fbid=775068831325189&set=pb.100064662374992.-2207520000&type=3,686597413687367,قادو ليا غا ريزي ديالكم راه قهرنا,2024-02-25 16:28:53,0
orange,photo.php?fbid=775068831325189&set=pb.100064662374992.-2207520000&type=3,2206945416311676,المرجو زيادة قوة الشبكة أولا,2024-02-25 16:29:05,0
orange,photo.php?fbid=775068831325189&set=pb.100064662374992.-2207520000&type=3,3661313177530344,فقاش غادي يرجع العرض *6,2024-02-25 16:41:17,0
orange,photo.php?fbid=775068831325189&set=pb.100064662374992.-2207520000&type=3,1470305680247553,وش كين لعرض ديل نجمة 6,2024-02-25 16:51:58,0
orange,photo.php?fbid=775068831325189&set=pb.100064662374992.-2207520000&type=3,332126945920563,اورنج رجعي ليا فلوسي,2024-02-25 18:23:52,0
orange,photo.php?fbid=775068831325189&set=pb.100064662374992.-2207520000&type=3,948749586785652,وراحنا توحشناها طلقونا خلاص,2024-02-25 18:24:54,0
orange,photo.php?fbid=775068831325189&set=pb.100064662374992.-2207520000&type=3,1311361349508078,معلومات حول الفورفي ديال 49dh,2024-02-25 18:26:08,0
orange,photo.php?fbid=775068831325189&set=pb.100064662374992.-2207520000&type=3,784427267051089,ولات زيرو فقصتني مبقينا نشوفو والو تفرج دقيقه بزز,2024-02-25 18:55:43,2
orange,photo.php?fbid=775068831325189&set=pb.100064662374992.-2207520000&type=3,2111164345914931,نجمة راجعة والريزو مشى بلا رجعة ههههه,2024-02-25 19:18:46,0
orange,photo.php?fbid=775068831325189&set=pb.100064662374992.-2207520000&type=3,1486493395234505,امتا راجع عرض *6,2024-02-25 19:23:36,0
orange,photo.php?fbid=775068831325189&set=pb.100064662374992.-2207520000&type=3,244580202041310,قدو لينا اريزو عاد نشوفو نجمة  6,2024-02-25 19:25:37,0
orange,photo.php?fbid=775068831325189&set=pb.100064662374992.-2207520000&type=3,3667279566845723,3laxh resaux d orange kilmrd?,2024-02-25 19:33:10,0
orange,photo.php?fbid=775068831325189&set=pb.100064662374992.-2207520000&type=3,1060558825036124,Rizo Walo 0,2024-02-25 19:36:51,0
orange,photo.php?fbid=775068831325189&set=pb.100064662374992.-2207520000&type=3,1152422982787112,الأن أكره أورونج التي ستعود بتغطية ضعيفه كما العاده دائما,2024-02-25 19:50:07,2
orange,photo.php?fbid=775068831325189&set=pb.100064662374992.-2207520000&type=3,793725006109186,واش كين عرد*6,2024-02-25 20:02:05,0
orange,photo.php?fbid=775068831325189&set=pb.100064662374992.-2207520000&type=3,768420755209154,واحد الريزو عندنا حنى من الزلزال غير كاتوصل 10 الليل كايقطع الريزو حتى طلع ثاني الشمس فالصباح مع 9 المرض معاكم ولاكن راه بداو الناس كايشريو كارط انوي اللهم هي ولا داك الريزو تاعكم عصبتونا,2024-02-25 20:10:07,0
orange,photo.php?fbid=775068831325189&set=pb.100064662374992.-2207520000&type=3,1326012501420281,امتي غدي ترجع العرض,2024-02-25 20:10:46,0
orange,photo.php?fbid=775068831325189&set=pb.100064662374992.-2207520000&type=3,1298739960803065,خويا الله يحفظك باغي نلغي واحد الفورفي,2024-02-26 10:28:27,0
orange,photo.php?fbid=775068831325189&set=pb.100064662374992.-2207520000&type=3,781924426599721,واش لعارض معا 12:00 دليل اطلقوه ولا حتا لغدا,2024-02-26 10:51:07,0
orange,photo.php?fbid=775068831325189&set=pb.100064662374992.-2207520000&type=3,428100639675428,اشمن ساعة غترجع فيه غدا عفاكم,2024-02-26 11:09:54,0
orange,photo.php?fbid=775068831325189&set=pb.100064662374992.-2207520000&type=3,1599266340888839,اشمن ساعة غترجع فيه غدا *6,2024-02-26 11:35:48,0
orange,photo.php?fbid=775068831325189&set=pb.100064662374992.-2207520000&type=3,1641287180008661,قادو ريزو هو لول 😏😏,2024-02-26 11:40:50,0
orange,photo.php?fbid=775068831325189&set=pb.100064662374992.-2207520000&type=3,390955370546710,كيفاش دار عندي كاملة فيها ريزو إلا واحد البيت مفيهش ريزو حشومة هادشي ديرو لازم وطلقو لينا ريزو فالبيوت كاملين وشكرا,2024-02-26 11:42:15,0
orange,photo.php?fbid=775068831325189&set=pb.100064662374992.-2207520000&type=3,264186269958450,سلام واش ممكن ليا نشارجي مع 12:00 ليلا,2024-02-26 11:58:24,1
orange,photo.php?fbid=775068831325189&set=pb.100064662374992.-2207520000&type=3,735976235306289,6* كاينة,2024-02-26 12:04:04,0
orange,photo.php?fbid=775068831325189&set=pb.100064662374992.-2207520000&type=3,417540810725511,Salam wach ghadi irj3 l3rd lyom bllil ?,2024-02-26 12:14:46,0
orange,photo.php?fbid=775068831325189&set=pb.100064662374992.-2207520000&type=3,1068418967705884,واش إلا دخلت*6 فم 00:00 عدي آه لا ولا حتى نهار,2024-02-26 12:14:58,0
orange,photo.php?fbid=775068831325189&set=pb.100064662374992.-2207520000&type=3,314929284898800,واش ممكن نشارجي *6دابا,2024-02-26 12:24:00,0
orange,photo.php?fbid=775068831325189&set=pb.100064662374992.-2207520000&type=3,1090129232039243,الريزو ديال أورونج  مصاب بصعوبة التنفس  الله يحسن العون,2024-02-26 12:29:45,0
orange,photo.php?fbid=775068831325189&set=pb.100064662374992.-2207520000&type=3,1131400474708496,شحال رقم الي بغيتي تواصل مع مصلحة الزبناء ارونج,2024-02-26 12:47:07,0
orange,photo.php?fbid=775068831325189&set=pb.100064662374992.-2207520000&type=3,382271004548554,Labolement 49 dh ach fiha,2024-02-26 12:51:01,0
orange,photo.php?fbid=775068831325189&set=pb.100064662374992.-2207520000&type=3,932209355169629,واش كاين الروشارج مضاعف حاليا,2024-02-26 12:51:21,0
orange,photo.php?fbid=775068831325189&set=pb.100064662374992.-2207520000&type=3,1179530123418982,إمتا ترجع *6,2024-02-26 13:00:44,0
orange,photo.php?fbid=775068831325189&set=pb.100064662374992.-2207520000&type=3,912378357216155,معاش بالظبط اترجعو *6 بالساعة,2024-02-26 13:09:02,0
orange,photo.php?fbid=775068831325189&set=pb.100064662374992.-2207520000&type=3,739101974983433,واش كين عرض *6,2024-02-26 13:09:21,0
orange,photo.php?fbid=775068831325189&set=pb.100064662374992.-2207520000&type=3,704327431906862,Salam *6 wach kayn,2024-02-26 13:30:38,0
orange,photo.php?fbid=775068831325189&set=pb.100064662374992.-2207520000&type=3,1517572342143619,Elash drt 3rd *4 mokalamat dowalia omnin kansoni kaygololia maymknsh????????,2024-02-26 13:33:13,0
orange,photo.php?fbid=775068831325189&set=pb.100064662374992.-2207520000&type=3,364926596433549,50 dh*3 شحال فيها,2024-02-26 13:35:29,0
orange,photo.php?fbid=775068831325189&set=pb.100064662374992.-2207520000&type=3,707011004813005,واش مورا 12 ليل طلق لا نو,2024-02-26 13:55:28,0
orange,photo.php?fbid=775068831325189&set=pb.100064662374992.-2207520000&type=3,211351875397689,ديرو لينا ريزو 😢,2024-02-26 14:09:13,0
orange,photo.php?fbid=775068831325189&set=pb.100064662374992.-2207520000&type=3,364259333113515,قادو لينا الانترنيت راه ضعيف,2024-02-26 14:24:16,0
orange,photo.php?fbid=775068831325189&set=pb.100064662374992.-2207520000&type=3,1433663330841321,شحال كتعطيك 30درهم *3,2024-02-26 14:29:55,0
orange,photo.php?fbid=775068831325189&set=pb.100064662374992.-2207520000&type=3,913795083818930,فوقاش يرجع العرض,2024-02-26 14:54:57,0
orange,photo.php?fbid=775068831325189&set=pb.100064662374992.-2207520000&type=3,1066240564661961,واش غدا انشاء الله غترجع * 6واشكران,2024-02-26 14:58:42,0
orange,photo.php?fbid=775068831325189&set=pb.100064662374992.-2207520000&type=3,432123799318982,واش العرض غيرجع ليوما مع 12 ديال الليل حيت بغيت غدا نشارجي,2024-02-26 14:58:54,0
orange,photo.php?fbid=775068831325189&set=pb.100064662374992.-2207520000&type=3,427721263151313,*6فنها,2024-02-26 15:09:18,0
orange,photo.php?fbid=775068831325189&set=pb.100064662374992.-2207520000&type=3,250036738077038,امتا غادي ترجع *6,2024-02-26 15:15:54,0
orange,photo.php?fbid=775068831325189&set=pb.100064662374992.-2207520000&type=3,1415383985733717,واش كين *6 د اورانج اليوَم,2024-02-26 15:18:09,0
orange,photo.php?fbid=775068831325189&set=pb.100064662374992.-2207520000&type=3,1420923998516437,Chmn sa3a radi trj3,2024-02-26 23:03:01,0
orange,photo.php?fbid=775068831325189&set=pb.100064662374992.-2207520000&type=3,415633024455272,واش رجع العرض أو مزال دابا,2024-02-27 08:17:42,0
orange,photo.php?fbid=775068831325189&set=pb.100064662374992.-2207520000&type=3,8280870978594652,واليوم 27 واش طلقوها 🙂,2024-02-27 10:59:58,0
orange,photo.php?fbid=775068831325189&set=pb.100064662374992.-2207520000&type=3,282226488226944,Wach ba9i mtwafar,2024-02-27 18:29:00,0
orange,photo.php?fbid=775068831325189&set=pb.100064662374992.-2207520000&type=3,359847197018422,صلحو ريزو را ضعيف,2024-02-27 19:55:16,0
orange,photo.php?fbid=775068831325189&set=pb.100064662374992.-2207520000&type=3,1547919215997947,إمتي غدي ترجع العرض *6,2024-02-27 19:55:40,0
orange,photo.php?fbid=775068831325189&set=pb.100064662374992.-2207520000&type=3,1566838317472727,هل اورونج كتعطي شي هدية متل انوي يوم الأربعاء 😊,2024-02-28 21:08:48,0
orange,photo.php?fbid=775068831325189&set=pb.100064662374992.-2207520000&type=3,2350087845184122,wach kayn l3ard,2024-03-04 23:18:31,0
orange,photo.php?fbid=775068831325189&set=pb.100064662374992.-2207520000&type=3,1403103723734650,Wach ba9i 3arde dyl *6,2024-03-06 14:36:55,0
orange,photo.php?fbid=775068831325189&set=pb.100064662374992.-2207520000&type=3,937599804745744,نجمة 6 مخدامة عندي فمنطقة بوزمو,2024-02-24 18:30:48,0
orange,photo.php?fbid=775068831325189&set=pb.100064662374992.-2207520000&type=3,773403701510243,👏👏👏👏👏الحمد لله,2024-02-24 16:21:24,0
orange,photo.php?fbid=775068831325189&set=pb.100064662374992.-2207520000&type=3,665114888979105,واش أدراري وحتا دريات مرحبا بكم في الصفحة ديالي محتوى رياضي للإستفادة ❤💪🏻,2024-02-29 12:36:09,0
orange,photo.php?fbid=775068831325189&set=pb.100064662374992.-2207520000&type=3,1352262062156222,واش تطلق بليل ليوم إنشاء الله,2024-02-26 19:52:01,0
orange,photo.php?fbid=775068831325189&set=pb.100064662374992.-2207520000&type=3,368042695997470,السلام عليكم فى ضل ضعف  تام لتغطية مركز إيغرم إقليم تارودانت  بصبيب أورونج   . نطلب من مؤسستكم الموقرة بدل جهد للإستجابة لمطلب ملح لأغلبية ساكنة إيغرم (مجال حضرى )من أجل زيادة أعمدة الإتصال بالمنطقة لتمكين  الساكنة من إلتقاط صبيب أورونج  ملاءم  وأتمنى النضر فى مطلبنا المشروع ولكم منا جزيل الشكر,2024-02-26 12:23:59,0
orange,photo.php?fbid=775068831325189&set=pb.100064662374992.-2207520000&type=3,1231364037842204,اشمن وقيتا  فنهار تلات غدي تلقو لعرض *6,2024-02-26 05:48:48,0
orange,photo.php?fbid=775068831325189&set=pb.100064662374992.-2207520000&type=3,7254979804557036,حمد لله مين رتديه,2024-02-26 00:06:10,0
orange,photo.php?fbid=775068831325189&set=pb.100064662374992.-2207520000&type=3,788583739802763,أوووه انا لا أسمعكم,2024-02-25 14:13:25,0
orange,photo.php?fbid=775068831325189&set=pb.100064662374992.-2207520000&type=3,3539650109583946,على سلامتكم,2024-02-25 13:19:14,0
orange,photo.php?fbid=775068831325189&set=pb.100064662374992.-2207520000&type=3,413109011186429,التغطية ضعيفة جدا ما سباب ذلك,2024-02-25 03:26:16,0
orange,photo.php?fbid=775068831325189&set=pb.100064662374992.-2207520000&type=3,360168186826252,عندي ريزو ضعيف ارنج,2024-02-24 21:10:25,1
orange,photo.php?fbid=775068831325189&set=pb.100064662374992.-2207520000&type=3,728107919107263,5 درهم نجمة 6 شحال كتبقى ؟,2024-02-24 20:28:05,1
orange,photo.php?fbid=775068831325189&set=pb.100064662374992.-2207520000&type=3,301993199564827,#كلنا أشرف بلمودن✌️,2024-02-24 19:52:40,6
orange,photo.php?fbid=775068831325189&set=pb.100064662374992.-2207520000&type=3,1637904433615120,"روتاار هاانية، هي مااتقطعوش عرض *6 بشكل نهاائي.
رااه غااتخسروا أهم زبون لي هو أناا 😁😁",2024-02-24 19:24:47,2
orange,photo.php?fbid=775068831325189&set=pb.100064662374992.-2207520000&type=3,1125166475154714,تغطية منعدمة,2024-02-24 18:14:39,0
orange,photo.php?fbid=775068831325189&set=pb.100064662374992.-2207520000&type=3,335348312236508,امتا غادي يرجع عرض *6,2024-02-24 17:41:48,0
orange,photo.php?fbid=775068831325189&set=pb.100064662374992.-2207520000&type=3,715278177386543,وش رجعات نجمة 6,2024-02-24 17:39:34,1
orange,photo.php?fbid=775068831325189&set=pb.100064662374992.-2207520000&type=3,921317456253658,شكرا خالتي اورنج وخا الريزو إن لله أودي أحماد,2024-02-24 17:24:53,6
orange,photo.php?fbid=775068831325189&set=pb.100064662374992.-2207520000&type=3,1336079840403401,احسن ريزو غير في كازا  اما باقي مدن ابصحة,2024-02-24 16:09:44,7
orange,photo.php?fbid=775068831325189&set=pb.100064662374992.-2207520000&type=3,415154107855378,ابولمو 49 درهم اينا نجمة ندير؟,2024-02-24 16:09:09,3
orange,photo.php?fbid=775068831325189&set=pb.100064662374992.-2207520000&type=3,403586075688111,لبغ يدير انترنيت ان نجمة يدير,2024-02-24 14:38:19,2
orange,photo.php?fbid=775068831325189&set=pb.100064662374992.-2207520000&type=3,256540164164611,جاية ب سلحفاة,2024-02-24 14:16:05,2
orange,photo.php?fbid=775068831325189&set=pb.100064662374992.-2207520000&type=3,1912600229176534,واخيرا,2024-02-24 12:34:49,0
orange,photo.php?fbid=775068831325189&set=pb.100064662374992.-2207520000&type=3,2052530021785051,قادو غا التغطية الله يهديكم,2024-02-24 10:26:08,33
orange,photo.php?fbid=775068831325189&set=pb.100064662374992.-2207520000&type=3,1334293123911093,رجعو ليا 200dh لي خسرتها فيوماين,2024-02-24 10:24:10,16
orange,photo.php?fbid=775068831325189&set=pb.100064662374992.-2207520000&type=3,206446662526058,شحال كتعطي دابا 10 دراهم *6,2024-02-24 10:11:47,2
orange,photo.php?fbid=775068831325189&set=pb.100064662374992.-2207520000&type=3,881386457072763,Tl9oha lyom 9bl ghda ylh bdw,2024-02-23 15:54:12,13
orange,photo.php?fbid=775068831325189&set=pb.100064662374992.-2207520000&type=3,1767428603733722,"ماتقوليش مشات *6 و خلاتني
إليميتي لي ماعمرها ماجرحاتني
ماخلات وصاية ولا قبل ودّعاتني
تفكرت اخر مرة خدماتلي😭
قلت ماتخلينيش خليكي متغيبيش
نفديك بفلوسي كامل أنا متمشيش 
هاكي 30 درهم بلا بيك مخصنيش 
يا إليميطي بقاي معايا مطريش🙂
إسطوار دامور جمعاتنا
والحب لي كان بيناتنا 
باصي جامي يتنسا
ولاو يجيو من العروض 5💔
لازم عليكم تصبرو تصبرو وتصبرو 
عارف تا واحد ما بخاطرو ما بخاطرو ما بخاطرو   
 لوكان تشوفي أورونج شحال شابهاك 
نفس نبرة عروض لي عنداك
ملي كاتمشي كانبدلك
ملي كاترجع أنا كانفكرك🙄🙂🤣🤣
كملين كنعنيو
منقول",2024-02-26 15:15:38,0
orange,photo.php?fbid=775068831325189&set=pb.100064662374992.-2207520000&type=3,2155832228083490,واااا لالا أورونج جاوبينا الله اعطيك موصيبة واش كاين العرض *6 اولا مزال مالكي مل البارح واحنا كانسولوفيك اشنو زعما دافعا علينا كبير اولا اشنو هههه,2024-02-27 07:13:49,0
orange,photo.php?fbid=775068831325189&set=pb.100064662374992.-2207520000&type=3,778065807709057,أناا فالقهوة مشؤوم تانتسناا عرض *6 بااش مانبقااش نمشي لقهوة.,2024-02-24 19:29:08,4
orange,photo.php?fbid=775068831325189&set=pb.100064662374992.-2207520000&type=3,694927322570554,طلقو لينا *6 را تقطعنا,2024-02-24 15:49:41,13
orange,photo.php?fbid=775068831325189&set=pb.100064662374992.-2207520000&type=3,1582286772544652,وا ريزو وااالو,2024-02-24 10:25:23,0
orange,photo.php?fbid=775068831325189&set=pb.100064662374992.-2207520000&type=3,697176272628489,العروض المتاحة الان ماهي,2024-02-24 22:18:34,0
orange,photo.php?fbid=775068831325189&set=pb.100064662374992.-2207520000&type=3,419314243870320,بغيت ندير الفورفي ديال 49 درهم,2024-02-24 23:05:21,0
orange,photo.php?fbid=775068831325189&set=pb.100064662374992.-2207520000&type=3,1046897189706949,متى سيكون عرض نجمة 6,2024-02-25 00:34:43,0
orange,photo.php?fbid=775068831325189&set=pb.100064662374992.-2207520000&type=3,726263372947071,الى غادي ترجع بنفس المستوى لي كانت عليه الله لا يرجها,2024-02-25 21:05:28,0
orange,photo.php?fbid=775068831325189&set=pb.100064662374992.-2207520000&type=3,2696628830487361,احسن ريزو هو اورنج كنهضر على منطقة ديالي ...,2024-02-26 08:58:53,0
orange,photo.php?fbid=775068831325189&set=pb.100064662374992.-2207520000&type=3,1088227469163749,بالنسبة*5 أش كاتعطي,2024-02-24 15:15:01,0
orange,photo.php?fbid=775068831325189&set=pb.100064662374992.-2207520000&type=3,473671831674334,الريزو تقيل بزاف,2024-02-24 10:31:10,0
orange,photo.php?fbid=775068831325189&set=pb.100064662374992.-2207520000&type=3,792575366238797,اوا طلبو سلامة لضربوها بالعين تصدق راجعة منين جات,2024-02-24 17:51:13,0
orange,photo.php?fbid=775068831325189&set=pb.100064662374992.-2207520000&type=3,361031530175359,هل يوجد عرض *6,2024-02-24 15:05:21,0
orange,photo.php?fbid=775068831325189&set=pb.100064662374992.-2207520000&type=3,747849764108967,الله ياربي حتى 27 وراه منقدرو نصبرو كثر راه بغيناها اليوم قبل غدا,2024-02-24 19:35:13,0
orange,photo.php?fbid=775068831325189&set=pb.100064662374992.-2207520000&type=3,1439952986933930,ريزو ضعيف بزاف,2024-02-24 23:15:59,0
orange,photo.php?fbid=775068831325189&set=pb.100064662374992.-2207520000&type=3,1780657719113679,اش الفرق بين اليوم و27 الدل,2024-02-24 10:33:53,3
orange,photo.php?fbid=775068831325189&set=pb.100064662374992.-2207520000&type=3,3622899181313952,ريزو ميت فكوو لينا المشكيل الفيديو كيبقا يتقطع ؟؟,2024-02-26 10:48:31,0
orange,photo.php?fbid=775068831325189&set=pb.100064662374992.-2207520000&type=3,694590945922151,اودي الى غير هاد الريزو الميت بالناقص,2024-02-24 10:02:29,0
orange,photo.php?fbid=775068831325189&set=pb.100064662374992.-2207520000&type=3,1564592594388747,واااا شفارااا,2024-02-24 14:36:21,2
orange,photo.php?fbid=775068831325189&set=pb.100064662374992.-2207520000&type=3,1445682286377997,ادمان ديال نجمة 6 مقودة على كوكا 💔💔,2024-02-26 14:20:44,0
orange,photo.php?fbid=775068831325189&set=pb.100064662374992.-2207520000&type=3,923220455935225,على سلامتنا بقالينا والو من  غير أورونج انا بعدا نحمد بيها ربي,2024-02-25 10:30:48,0
orange,photo.php?fbid=775068831325189&set=pb.100064662374992.-2207520000&type=3,7414784705246177,وشحال تسينا,2024-02-25 13:06:43,0
orange,photo.php?fbid=775068831325189&set=pb.100064662374992.-2207520000&type=3,693878869486204,لليوم الثالث عندي مشكل في adsl ولم يتم اصلاحه رغم اني اتصلت بالجميع,2024-02-26 10:03:55,0
orange,photo.php?fbid=775068831325189&set=pb.100064662374992.-2207520000&type=3,360910336845469,واش عرض نجمة 6 ارونح رجع ولا باقي,2024-02-27 06:28:21,0
orange,photo.php?fbid=775068831325189&set=pb.100064662374992.-2207520000&type=3,1431713580813748,"السلام عليكم، انا من زبناء شركتكم orange ومستهلك لخدمتكم، ومنذ ليلة البارحة الأحد 25 فبراير 2024 وكما العادة دائما تعطل وتقطع عندنا ريزو اورونج كايتحبس وكايرجع في كل دقائق بشكل متتالي (تغطية الشبكة لا مكالمات لا انترنيت) فمركز تامري (الطريق الوطنية رقم 1) جماعة تامري عمالة اكادير اداوتنان، نتمناو منكم تقيدو شكاية ديالي عندكم، كنطلب فيها المصلحة التقنية تاعكم تدخل باش إتحل المشكل فاسرع وقت.
كنخبركم بلي في حالة استمرار هاد العطب بشكل متكرر لي عيينا منو غانحبس الاشتراك معاكم لسوء الخدمة، تحياتي.",2024-02-26 12:54:47,1
orange,photo.php?fbid=775068831325189&set=pb.100064662374992.-2207520000&type=3,928426775162816,"هبة ارث احسن مشروع
دابا غير بالعقل : شكون حسن هبة الإرث اللي كتحكم فيها نتا ومافيهاش رئيس اللي غيجمع الحصيصة ويمشي .. نتا هو الرئيس ديال راسك ونتا لي كتحكم ففلوسك كتعطي هدية بإرادتك لواحد تاهو بحالك بحالو يعاون بيها راسو .. وتجيب جوج دناس تاهوما يديرو نفس الشيء وديرو مجموعة تاعونو بيناتكم ويجي الدور ديالك تاخد 2000 درهم ومن بعد ناس لي دخلو معاك تاهوما .. وكلشي مستافد بلا نصب بلا احتيال .. وتشدو بلاصتكم فجداول 8000 درهم و3 و 12 مليون ومتسجلوو تاواحد هنا .. 
ولا تمشي تحط فلوسك فمنصة نصابة وتبقا تسنا الرباح كل نهار ودخل معاك ناس يحطو رزقهم ويبقا المصير ديالك مجهول ومرهون بواحد العزي ولا صيني فأي لحظة يسد المنصة ويخليك على الضس وماتربح لا نتا ولا الناس لي تسجلو معاك 🥲
المعادلة واضحة من غير لاكان عندك حجرة بلاصت الدماغ 0631200767",2024-02-25 13:33:57,0
orange,photo.php?fbid=775068831325189&set=pb.100064662374992.-2207520000&type=3,796176542349719,الله يختي أورونج اش هاد لخيانة خنتينا🙂فين هيا *6 فين مشات,2024-02-25 23:32:25,0
orange,photo.php?fbid=775068831325189&set=pb.100064662374992.-2207520000&type=3,769959401716331,عوض ما تبقاو تشكاو قاطعو الزمر واحد الشهر وشوف لما تقادوش هادو تينفع معاهم غير الحكان,2024-02-28 09:46:52,0
orange,photo.php?fbid=775068831325189&set=pb.100064662374992.-2207520000&type=3,1114549336557184,السلام عليكم واش مع 12 دليل ديال اليوم,2024-02-26 12:30:41,0
orange,photo.php?fbid=775068831325189&set=pb.100064662374992.-2207520000&type=3,948753529636212,علا سلامتكم ملي رجعتوها,2024-02-24 22:21:06,0
orange,photo.php?fbid=775068831325189&set=pb.100064662374992.-2207520000&type=3,335086662842374,Orangee واش عرض 49 درهم الا فعلتو ضروري خصني نبقا نخلصو كل شهر ؟,2024-02-25 22:53:42,0
orange,photo.php?fbid=775068831325189&set=pb.100064662374992.-2207520000&type=3,1119945369134585,هدي خبار زوينة,2024-02-24 10:08:14,1
orange,photo.php?fbid=775068831325189&set=pb.100064662374992.-2207520000&type=3,1593469118083443,واش ريزو أرونج مزيان الخوت,2024-02-25 20:35:18,0
orange,photo.php?fbid=775068831325189&set=pb.100064662374992.-2207520000&type=3,1555076421952339,وش رجعت نجم 6ارنح👍,2024-02-27 15:23:08,0
orange,photo.php?fbid=775068831325189&set=pb.100064662374992.-2207520000&type=3,1049033706329313,الحمد لله,2024-02-24 10:09:40,0
orange,photo.php?fbid=775068831325189&set=pb.100064662374992.-2207520000&type=3,1594393378040197,واش العرض غيرجع اليوم ولا تال غدا,2024-02-26 10:06:15,0
orange,photo.php?fbid=775068831325189&set=pb.100064662374992.-2207520000&type=3,1609071859867693,سلام عليكم ورحمة الله وبركاته خويا بينا شي شبكة,2024-02-25 21:58:03,0
orange,photo.php?fbid=775068831325189&set=pb.100064662374992.-2207520000&type=3,1970332153360863,وش  كين العرض ديل 49دارهم,2024-02-24 20:28:38,0
orange,photo.php?fbid=775068831325189&set=pb.100064662374992.-2207520000&type=3,289669213908968,واخا ريزو ميت ماشي مشكل قابلين بكل فراح غير رجعوها عفاكم الله يعطيكم الحج فسعودية 🙂ههه,2024-02-24 16:12:03,0
orange,photo.php?fbid=775068831325189&set=pb.100064662374992.-2207520000&type=3,375504091916449,ولي دخلها فهاد الأيام لي ماكيناش شحال كتعطيوه,2024-02-25 23:57:59,0
orange,photo.php?fbid=775068831325189&set=pb.100064662374992.-2207520000&type=3,952323683183293,50 Méga fibre 🙃 pffffffffff,2024-02-24 21:12:09,1
orange,photo.php?fbid=775068831325189&set=pb.100064662374992.-2207520000&type=3,327508903129398,الله انعل ليكم الوالدين لا نتوما لا الريزوا ديالكم,2024-02-26 08:29:56,0
orange,photo.php?fbid=775068831325189&set=pb.100064662374992.-2207520000&type=3,779184777448965,واش كاين لعرض دابا,2024-02-26 23:29:07,0
orange,photo.php?fbid=775068831325189&set=pb.100064662374992.-2207520000&type=3,419317377288084,شكرا 💙🐟,2024-02-24 12:37:12,0
orange,photo.php?fbid=775068831325189&set=pb.100064662374992.-2207520000&type=3,398324122784549,واش كاينة دبا نجمة ستة,2024-02-26 15:03:43,0
orange,photo.php?fbid=775068831325189&set=pb.100064662374992.-2207520000&type=3,7655310937846283,واش نقدر ندير العرض معا 12 ديال ليل,2024-02-26 18:51:52,0
orange,photo.php?fbid=775068831325189&set=pb.100064662374992.-2207520000&type=3,774125217959992,الله يعطيكم كسيدة,2024-02-24 22:36:48,0
orange,photo.php?fbid=775068831325189&set=pb.100064662374992.-2207520000&type=3,392680143584759,هدية الجمعة هيا لي زينا فيكوم,2024-02-24 17:05:41,0
orange,photo.php?fbid=775068831325189&set=pb.100064662374992.-2207520000&type=3,773480984695073,توحشناها 😁🤣❤️,2024-02-24 15:19:01,0
orange,photo.php?fbid=775068831325189&set=pb.100064662374992.-2207520000&type=3,299827689777307,ناري قطعتو الحياة على بنات 2008  غينتاحرو 😂,2024-02-24 12:36:33,0
orange,photo.php?fbid=775068831325189&set=pb.100064662374992.-2207520000&type=3,7373418752709413,كاتافقو نتي و إنوي,2024-02-24 21:29:47,0
orange,photo.php?fbid=775068831325189&set=pb.100064662374992.-2207520000&type=3,768830445123976,اللھ يغبر ليكم شقف,2024-02-24 19:15:11,0
orange,photo.php?fbid=775068831325189&set=pb.100064662374992.-2207520000&type=3,273635642431119,تشحفتو نص فالعالام عاد رديتوها,2024-02-24 21:36:10,0
orange,photo.php?fbid=775068831325189&set=pb.100064662374992.-2207520000&type=3,1603736967105223,الله اجيبها علا خير,2024-02-24 16:43:02,1
orange,photo.php?fbid=775068831325189&set=pb.100064662374992.-2207520000&type=3,300338722710089,الله يعتيكم العداب درت فورفي معا تصلات تحشات ليك أخالتي ارونج,2024-02-24 22:53:53,0
orange,photo.php?fbid=775068831325189&set=pb.100064662374992.-2207520000&type=3,1045507056520291,27/2 وساعة ؟,2024-02-26 13:58:12,0
orange,photo.php?fbid=775068831325189&set=pb.100064662374992.-2207520000&type=3,3335311703432804,ركوم عيقتو طلقو داك *6,2024-02-25 12:20:26,0
orange,photo.php?fbid=775068831325189&set=pb.100064662374992.-2207520000&type=3,366452899488578,الا غادي تخلوها حتى ل 27 غي زيدوها فراسكم 🙄,2024-02-25 09:31:53,1
orange,photo.php?fbid=775068831325189&set=pb.100064662374992.-2207520000&type=3,1093148421729211,انعل بوكوم و بو  نجمة 6 تاعكم و ريزوكم,2024-02-24 18:27:23,0
orange,photo.php?fbid=775068831325189&set=pb.100064662374992.-2207520000&type=3,300369646054578,المرجو ربط حزام الأمان بغينا نجمة 6 توصل في أمان 🙂,2024-02-24 17:26:54,6
orange,photo.php?fbid=775068831325189&set=pb.100064662374992.-2207520000&type=3,371168422390755,علاش حنا ماعندناش ريزو ديال اورونج,2024-02-24 12:29:00,0
orange,photo.php?fbid=775068831325189&set=pb.100064662374992.-2207520000&type=3,415893377475841,او على سلامتكم,2024-02-24 11:43:27,0
orange,photo.php?fbid=775068831325189&set=pb.100064662374992.-2207520000&type=3,421059097156857,ما تقدروش تسبقوو ليها نهار زعما 🙂,2024-02-24 11:55:17,0
orange,photo.php?fbid=775068831325189&set=pb.100064662374992.-2207520000&type=3,772265721014508,👏👏👏💞💞💞😍😍😍😍😍الحمد لله على السلامه,2024-02-24 10:06:43,1
orange,photo.php?fbid=775068831325189&set=pb.100064662374992.-2207520000&type=3,282923884818953,شكرا,2024-02-24 22:49:30,0
orange,photo.php?fbid=775068831325189&set=pb.100064662374992.-2207520000&type=3,932301125231676,أحسن orange 🍊,2024-02-26 17:59:08,0
orange,photo.php?fbid=775068831325189&set=pb.100064662374992.-2207520000&type=3,772057218305559,يمتا غيرجع العرض *6,2024-02-25 17:50:46,0
orange,photo.php?fbid=775068831325189&set=pb.100064662374992.-2207520000&type=3,711053527680394,ريزو عندكم زيرو غندير إنوي مزيانة,2024-02-24 21:21:49,0
orange,photo.php?fbid=775068831325189&set=pb.100064662374992.-2207520000&type=3,1360147397978241,علي سلامة غبرتي علينا توحشناك ☺️😁,2024-02-26 08:43:29,0
orange,photo.php?fbid=775068831325189&set=pb.100064662374992.-2207520000&type=3,368009569425229,3laaa slamaa awdee😂,2024-02-24 22:28:12,0
orange,photo.php?fbid=775068831325189&set=pb.100064662374992.-2207520000&type=3,769852617970884,تم,2024-02-24 20:08:23,0
orange,photo.php?fbid=775068831325189&set=pb.100064662374992.-2207520000&type=3,1570552867045845,حتا قربنا نحماقو بزاف حشومة كاع 27 راه طولتو,2024-02-24 11:09:09,2
orange,photo.php?fbid=775068831325189&set=pb.100064662374992.-2207520000&type=3,1391488598404224,شكرا,2024-02-24 19:38:24,0
orange,photo.php?fbid=775068831325189&set=pb.100064662374992.-2207520000&type=3,782230500486289,الله يا ارونج الله تا خرجتي مني كتر من 30 درهم 😒,2024-02-24 23:03:50,1
orange,photo.php?fbid=775068831325189&set=pb.100064662374992.-2207520000&type=3,915702076917480,هاد المرة طولتي الغياب سيدتي,2024-02-24 18:38:31,0
orange,photo.php?fbid=775068831325189&set=pb.100064662374992.-2207520000&type=3,370373945858593,اخالتي ارونج راه بغينها حنا غدا مزال ولا اليوم مزال ونتي تكولي لينا 27 فشهر راه ف27 نقدار نكون حمقيت وشدا بلاصتي فسبيطار الحمق 🙂🥲,2024-02-24 18:11:59,11
orange,photo.php?fbid=775068831325189&set=pb.100064662374992.-2207520000&type=3,728522932739245,شكرا اخالتي اورنج 🙂,2024-02-24 17:27:21,1
orange,photo.php?fbid=775068831325189&set=pb.100064662374992.-2207520000&type=3,7203359333111300,وكيف لا نصبر على تليام وحنا صبرنا 15 يوم,2024-02-24 15:06:28,1
orange,photo.php?fbid=775068831325189&set=pb.100064662374992.-2207520000&type=3,242086198972460,انا عندي فورفي ديما نجمة 6 حاضرة الحمدالله,2024-02-25 08:27:59,0
orange,photo.php?fbid=775068831325189&set=pb.100064662374992.-2207520000&type=3,3571027466484500,حنا كنتسناو,2024-02-25 13:19:19,0
orange,photo.php?fbid=775068831325189&set=pb.100064662374992.-2207520000&type=3,3568474983466847,واش رجع العرض *6,2024-02-27 08:14:32,0
orange,photo.php?fbid=775068831325189&set=pb.100064662374992.-2207520000&type=3,717482687201082,على زينها والله انا بعدا لا باقي شارجيت ديال ارونج,2024-02-24 12:41:08,0
orange,photo.php?fbid=775068831325189&set=pb.100064662374992.-2207520000&type=3,1202535914059249,مرحبا بيه,2024-02-24 11:59:38,0
orange,photo.php?fbid=775068831325189&set=pb.100064662374992.-2207520000&type=3,1142393963782924,واش كاينة كارطة 30 درهم,2024-02-26 18:39:05,0
orange,photo.php?fbid=789968506501888&set=pb.100064662374992.-2207520000&type=3,2787547404716724,كونكسيو ميتة ولات عندكم,2024-03-20 12:57:54,2
orange,photo.php?fbid=789968506501888&set=pb.100064662374992.-2207520000&type=3,792477988875836,كاين عرض*6?,2024-03-20 13:01:48,1
orange,photo.php?fbid=789968506501888&set=pb.100064662374992.-2207520000&type=3,713900257586467,واش كاين لعرض*6 30درهم,2024-03-20 13:06:32,1
orange,photo.php?fbid=789968506501888&set=pb.100064662374992.-2207520000&type=3,1469581647296282,انا فقصتوني طلقولي الويفي,2024-03-20 13:29:34,1
orange,photo.php?fbid=789968506501888&set=pb.100064662374992.-2207520000&type=3,1458918994699496,سلام عليكم نتمنا إخبار الإدارة التقنية لأورنج بزيادة أعمدة الإتصال فى مركز مدينة  إيغرم  إقليم تارودانت(مجال حضرى) من أجل تغطية صبيب ملائم للساكنة وزبناء أورنج الذين يشتكون من ضعف صبيب أورنج فى منطقة مركز إيغرم إقليم تارودانت على عكس  الشركات الأخرى للإتصال  التى تتوفر على صبيب ملائم  وأتمنا النضر فى مطلبنا المشروع ولكم منا جزيل الشكر وفى إنتضار ردكم وشكرا,2024-03-20 13:32:45,2
orange,photo.php?fbid=789968506501888&set=pb.100064662374992.-2207520000&type=3,1807514553079781,واش مزال العرض في 25,2024-03-20 13:36:09,1
orange,photo.php?fbid=789968506501888&set=pb.100064662374992.-2207520000&type=3,306947405466317,را ديتو لينا لكوني لي شارجينا باطلا باش غنصيفطو ليه,2024-03-20 13:44:22,0
orange,photo.php?fbid=789968506501888&set=pb.100064662374992.-2207520000&type=3,3923909664520722,اكبر شركة شفارة 5 سنوات وانا داير معاهم ابونمو ب 100 درهم فلخر وقفو كرطة.ملي مشيت لجونس اورنج باش رجعها واحد خدام تماك قالي مايمكنش ترجعها وخا تخلص. بقيت كانضحك حيث عرفتو زرق. احسن شركة هي  inwi,2024-03-20 13:53:03,3
orange,photo.php?fbid=789968506501888&set=pb.100064662374992.-2207520000&type=3,2840512132753817,عفاكم مابغينا والو غير صايبو لينا ريزو ديالها حيت الاكثارييا ديال الناس كيفضلو اورنج على إينوي ولكن ريزو ديال اورنج والو مايييييييت,2024-03-20 14:12:55,0
orange,photo.php?fbid=789968506501888&set=pb.100064662374992.-2207520000&type=3,1082700249679458,"Orange darbox تقيل بزاااف
شوفو لينا الحل الله يخليكم",2024-03-20 14:28:07,1
orange,photo.php?fbid=789968506501888&set=pb.100064662374992.-2207520000&type=3,1251099525669210,واش كتواصلوا مع الزبائن ديالكم مكالمة باش تقتارحو عليهم العروض لي عندكم ؟ جاتني مكالمة من هاد الرقم بغيت نتأكد بلي ديالكم 0665195630,2024-03-20 14:41:55,0
orange,photo.php?fbid=789968506501888&set=pb.100064662374992.-2207520000&type=3,441760941605042,"النمرة ديالي مبقاتش تخدم الانترنيت 
وخا 4gطالعا والكنكسيو كاينه 5اشهر وهي هكا اشنو الحل ؟",2024-03-20 15:02:34,0
orange,photo.php?fbid=789968506501888&set=pb.100064662374992.-2207520000&type=3,839760814835965,انا داير *6 و مزال مغادي تسالي ليا و دابا طالعة 4g و الكونيكسيو مكايناش شنو المشكيلة؟,2024-03-20 15:18:54,0
orange,photo.php?fbid=789968506501888&set=pb.100064662374992.-2207520000&type=3,342120928830833,كاين العرض ديال 50 درهم *3 10 جيغا,2024-03-20 15:28:40,0
orange,photo.php?fbid=789968506501888&set=pb.100064662374992.-2207520000&type=3,432479899342293,واش كاين عرض نجمة 6,2024-03-20 15:30:45,0
orange,photo.php?fbid=789968506501888&set=pb.100064662374992.-2207520000&type=3,1179461003462716,سلام واش كاين عرض *6 جاوبوني,2024-03-20 15:38:28,0
orange,photo.php?fbid=789968506501888&set=pb.100064662374992.-2207520000&type=3,371368585797740,"Le service à Fès est nul. 
Contrat remis par l'agence depuis plus de 2 semaines sans que le service technique se déplace pour l'installation.",2024-03-20 15:50:35,1
orange,photo.php?fbid=789968506501888&set=pb.100064662374992.-2207520000&type=3,378117815089083,When will the 6 star offer come back? I am using it and it is not working. Is this how you deal with foreigners?,2024-03-20 16:40:55,0
orange,photo.php?fbid=789968506501888&set=pb.100064662374992.-2207520000&type=3,289860424147890,Orange سيمانة هادي دخلت بزاف روشارجات لنمرتي عن طريق تطبيق orange et moi  و ف الروشارج الخامسة مبغاتش دوز كيقولو ليا بلي متقدرش بالرغم ان الارقام صحيحة و منقدرش نشري اي حاجة ف التطبيق,2024-03-20 18:04:52,0
orange,photo.php?fbid=789968506501888&set=pb.100064662374992.-2207520000&type=3,3621810991481065,اشهاد ريزو تفو كرهتونا فهاد لمغريب غا بشتارا ديال والوو,2024-03-20 18:36:26,0
orange,photo.php?fbid=789968506501888&set=pb.100064662374992.-2207520000&type=3,1559727601538027,تقطع عندم ريزو عندكُم اليوم من 15:40 تال المغرب ههه جا  مع المغرب نيشان  كان صايم,2024-03-20 19:03:15,0
orange,photo.php?fbid=789968506501888&set=pb.100064662374992.-2207520000&type=3,1113452819696984,عرض نجمة 6 واش كاين دابا,2024-03-20 20:32:41,0
orange,photo.php?fbid=789968506501888&set=pb.100064662374992.-2207520000&type=3,1519327991970007,واش عندكوم شي مشكل في ريزو دبا شي 4يام تقطع علينا ريزو,2024-03-20 20:46:14,0
orange,photo.php?fbid=789968506501888&set=pb.100064662374992.-2207520000&type=3,768565568565914,واش كاينة *6,2024-03-20 20:54:27,0
orange,photo.php?fbid=789968506501888&set=pb.100064662374992.-2207520000&type=3,1153532092482765,Kanbri ndkhl recharj mabratch dkhl liya,2024-03-20 21:05:50,0
orange,photo.php?fbid=789968506501888&set=pb.100064662374992.-2207520000&type=3,803430921843211,واش كاين العرض د *6,2024-03-20 21:31:30,0
orange,photo.php?fbid=789968506501888&set=pb.100064662374992.-2207520000&type=3,1041321260748293,نمرو قطعوها ليوم كيفاش حتى رجعها؟,2024-03-20 21:49:32,0
orange,photo.php?fbid=789968506501888&set=pb.100064662374992.-2207520000&type=3,1157702042251933,كونكسيو تقيل,2024-03-20 21:57:20,0
orange,photo.php?fbid=789968506501888&set=pb.100064662374992.-2207520000&type=3,386323251016065,شنو عمل معاكم دابا خلصت ويفي من اورونج موني ومزال مطلقتولي انترنيت تنفصل بيهم واحد يديني لواحد شنو المعمول والتطبيق مبغاش يتفتح,2024-03-20 22:04:37,0
orange,photo.php?fbid=789968506501888&set=pb.100064662374992.-2207520000&type=3,977165987076072,Ana retour tahara9 mab9ach khadam ojabat retour jdid kifach radiii ncongurih bach ikhadam liya adsl orange,2024-03-20 22:29:11,0
orange,photo.php?fbid=789968506501888&set=pb.100064662374992.-2207520000&type=3,7321620844540334,شحال ديال الاعطاب عندكم,2024-03-20 22:55:40,0
orange,photo.php?fbid=789968506501888&set=pb.100064662374992.-2207520000&type=3,1568815423659031,السلام عليكم كاين عطب فالشراء بسمارت صولد,2024-03-20 23:02:55,0
orange,photo.php?fbid=789968506501888&set=pb.100064662374992.-2207520000&type=3,2118730315127327,واش مزال عرض نجمة 6,2024-03-20 23:08:10,0
orange,photo.php?fbid=789968506501888&set=pb.100064662374992.-2207520000&type=3,299176993187913,Khouya wache marat9adouche hade rizo khelasse rahe bezaf,2024-03-20 23:11:29,0
orange,photo.php?fbid=789968506501888&set=pb.100064662374992.-2207520000&type=3,1503292650249386,الريزو كيتقطع و كيرجع  ..أشنو السبب؟؟,2024-03-20 23:25:13,0
orange,photo.php?fbid=789968506501888&set=pb.100064662374992.-2207520000&type=3,7630385373678303,على بعدا الريل مزال كيتقرا بهاد الريزو 🤣,2024-03-20 23:58:49,1
orange,photo.php?fbid=789968506501888&set=pb.100064662374992.-2207520000&type=3,378505298333255,واش كاين عرض *6 ؟,2024-03-21 00:17:54,0
orange,photo.php?fbid=789968506501888&set=pb.100064662374992.-2207520000&type=3,451119034009646,كونيكسيو ثقيلة وخا داير الفورفي ديال  49 hd,2024-03-21 00:35:38,0
orange,photo.php?fbid=789968506501888&set=pb.100064662374992.-2207520000&type=3,937661458059804,سلا م واحد نمرة ديالي ارونج شحال مشغلتها شغلتها دب موقفا مطلعش لي ريزو إلى ممكن دجوبوني,2024-03-21 01:28:52,1
orange,photo.php?fbid=789968506501888&set=pb.100064662374992.-2207520000&type=3,1121284855564885,وا ميمكنش انا مخلص 50mbوصلاني غا 1mb,2024-03-21 02:23:35,1
orange,photo.php?fbid=789968506501888&set=pb.100064662374992.-2207520000&type=3,2637281693101168,مرضني ريزو ديالكم بزااااف والله عييت نخربق ف تليفوني كنقول ياك ما لمشكل غير عندي انا ساع لقيت ناس كتر مني ديرو حل راه حشوما كاع,2024-03-21 03:28:25,0
orange,photo.php?fbid=789968506501888&set=pb.100064662374992.-2207520000&type=3,1151970892889551,والله ماعندي العقل منين درت اورونج كنضيع 30 درهم *6 شهر كامل ومكندير بيها والو وريزو تقيل بزاف تاحاجا مكتبغي تخدم,2024-03-21 06:55:24,0
orange,photo.php?fbid=789968506501888&set=pb.100064662374992.-2207520000&type=3,376472508544818,سلام واش عرض النجمة سبعة متوفر حاليا؟,2024-03-21 08:28:08,0
orange,photo.php?fbid=789968506501888&set=pb.100064662374992.-2207520000&type=3,711493134392794,سلام شنو وقع الويفي هذ تقريبا سيمانة وهو مقطوع عيينا نعيطو,2024-03-21 09:57:44,0
orange,photo.php?fbid=789968506501888&set=pb.100064662374992.-2207520000&type=3,1434230983861532,Wach kayna 6*,2024-03-21 10:32:58,0
orange,photo.php?fbid=789968506501888&set=pb.100064662374992.-2207520000&type=3,1195467564773182,سلام عليكم 5دراهم  شحال فيها دقيقة نجمةواحد 3أيام ولا أسبوع وشكرا,2024-03-21 10:37:26,0
orange,photo.php?fbid=789968506501888&set=pb.100064662374992.-2207520000&type=3,1070000894225103,واحد الحاجه علاش الصبيب ضعيف بزاف مؤخرا قبل كانت *6 كتخدم مزيان والكونيكسيون مزيانة ايوا دابا فيديو صغير فالفايس وكنتفرجوا بالزز وعاد الشهر باقي فيه 10 أيام ويتسالا 🤬 وبلاما تقولي الريزو ما الريزو أنا ساكنة وسط المدينة.. حاجه اخرى عرض *6 كاين وايلا مكاينش فوقاش غيرجع؟,2024-03-21 11:02:49,0
orange,photo.php?fbid=789968506501888&set=pb.100064662374992.-2207520000&type=3,725860943054886,"الصبيب ضعيف بزاف *6 ماكانش عندي هاد المشكيل
كانتمنا تجاوب ني حيتاش راسلتكم فالخاص وماجوبتونيش",2024-03-21 14:51:33,0
orange,photo.php?fbid=789968506501888&set=pb.100064662374992.-2207520000&type=3,3332389173726565,Wash kayn 3ard *6 db ??,2024-03-21 20:09:42,0
orange,photo.php?fbid=789968506501888&set=pb.100064662374992.-2207520000&type=3,2043312636051217,Wach Kayna   6*  Orange 🙏,2024-03-21 21:05:03,0
orange,photo.php?fbid=789968506501888&set=pb.100064662374992.-2207520000&type=3,4339810016244198,السلامOrange كيفاش هدشي ديالكم شارجتي 49درهم شي تلاثة أيام هادي ومزال مطلقوا ليا الكنيكسيون,2024-03-21 21:12:46,0
orange,photo.php?fbid=789968506501888&set=pb.100064662374992.-2207520000&type=3,450917927361733,واش كاينة *6,2024-03-25 08:28:35,0
orange,photo.php?fbid=789968506501888&set=pb.100064662374992.-2207520000&type=3,814865423817976,السلام عليكم علاش الريزو ضعيف جدا والكونكسيو حتى هي,2024-03-25 09:52:22,0
orange,photo.php?fbid=789968506501888&set=pb.100064662374992.-2207520000&type=3,426410306812285,Bghit wifi ldar,2024-03-31 18:52:19,0
orange,photo.php?fbid=789968506501888&set=pb.100064662374992.-2207520000&type=3,1592977618201716,",واش كين العرض*6",2024-03-22 20:03:33,0
orange,photo.php?fbid=789968506501888&set=pb.100064662374992.-2207520000&type=3,328120603575378,"جميلكم الاشهارات 
تكدبوا على الناس ADSL يوصل 20 mega الا وصل 10 في الشهر الاول من بعد ميجا و لا نص ميجا  ولا يتقطع نهائيا و منين تتصل يخسر عليك سير حدا الروتور ديالك و يقولك شمن بولا  شاعلا  و شمن لون  مكتمركوش نهائيا ... بلا متزرفوا غير كيكدبوا",2024-03-22 05:06:58,0
orange,photo.php?fbid=789968506501888&set=pb.100064662374992.-2207520000&type=3,1499358351005821,سلام الخوت :4gطالع و الرزو مكينش تيكولو صفط ليا نمرة ؤالكنية ؤالاسم ،هدشي صفطناه والو .المشكل من عنهم ،لان كااااااع الناس أورونج معندهمش الروز مزيان . عيطنا كاع الشركة والو وحد اصفطك الاخر .,2024-03-22 01:06:47,0
orange,photo.php?fbid=789968506501888&set=pb.100064662374992.-2207520000&type=3,420986473663911,بغيت رقم شكايات  توقف لي رقم ديالي بدون  سابق انذار ورقم ديالي هو باش نقدر نخدم تلفون وفي اخير قالو ليا منقدرش نرجعه ليك  داب تلفوني 3 ايام ماخدمتو  بغيت حل نرجع نمره وعلى 100درهم يوقفه لي بمره,2024-03-21 13:57:45,0
orange,photo.php?fbid=789968506501888&set=pb.100064662374992.-2207520000&type=3,1551392892383731,اب,2024-03-20 20:44:25,0
orange,photo.php?fbid=789968506501888&set=pb.100064662374992.-2207520000&type=3,1171309700703079,نهرهاش لعبة المغرب,2024-03-20 13:04:37,0
orange,photo.php?fbid=789968506501888&set=pb.100064662374992.-2207520000&type=3,328461246898486,الاول 😍🇲🇦,2024-03-20 12:53:44,0
orange,photo.php?fbid=789968506501888&set=pb.100064662374992.-2207520000&type=3,1057502485339177,Ayy Øub Abdelkarim Taghzaoui,2024-03-20 13:47:04,1
orange,photo.php?fbid=789968506501888&set=pb.100064662374992.-2207520000&type=3,7174713322596410,ماباقيش نتيق ندير روشارج فاورونج شفارا,2024-03-21 00:11:36,0
orange,photo.php?fbid=789968506501888&set=pb.100064662374992.-2207520000&type=3,1214117673332965,دعواتكم وانتم صائمون لا ترد... اللهم أمين,2024-03-20 18:40:03,1
orange,photo.php?fbid=789968506501888&set=pb.100064662374992.-2207520000&type=3,366866722993713,شفرتوليا 30درهم نجمة6,2024-03-21 00:09:41,0
orange,photo.php?fbid=789968506501888&set=pb.100064662374992.-2207520000&type=3,783729983195565,🤣🤣,2024-03-21 05:29:59,0
orange,photo.php?fbid=789968506501888&set=pb.100064662374992.-2207520000&type=3,1719051742251155,سلام عليكم شنو راقم التواصل معاكوم كندير 121 غير لمجب الألي,2024-03-22 12:50:17,0
orange,photo.php?fbid=789968506501888&set=pb.100064662374992.-2207520000&type=3,1186011269488943,Rochraj,2024-03-21 23:28:55,0
orange,photo.php?fbid=789968506501888&set=pb.100064662374992.-2207520000&type=3,3155142144616288,سيرفيس عندكم ديال لخرا كتر من عام ونص كنراسلكم كتجاوبو غير فالكومنت كتوقولو راسلنا فالخاص ومكتجاوبوش . سيرو تقاودو تصحابونا كنسعاوكم ولا شنو 😡😡😡😡😡,2024-03-21 11:29:00,0
orange,photo.php?fbid=789968506501888&set=pb.100064662374992.-2207520000&type=3,1554662745267380,"chfara had wladd nass, service client dial zbel nass ma ki3arfo ta yt3amlo m3a kliane wayakom mane Orange chefara wlad l9hab",2024-03-20 16:18:07,0
orange,photo.php?fbid=789968506501888&set=pb.100064662374992.-2207520000&type=3,424215133424679,Khalti orange ghiriha llah ihfdak,2024-03-20 12:53:11,0
